武將,統率,武力,智力,政治,槍,騎,弓,戰法,傳授特技,重臣特性,嗜酒程度
阿會喃,65,74,26,33,C,B,C,騎兵攻擊陣,訓練,,重
韋昭,16,19,65,73,C,C,C,消沈工作,商業,,輕
伊籍,29,24,80,86,C,C,C,騎兵動搖,商業,商業重視,中
尹賞,51,44,62,66,C,B,B,槍防強化,交涉,,中
尹大目,4,9,33,51,C,C,C,槍攻強化,農業,,輕
尹默,26,15,66,77,C,C,C,動搖挑釁,農業,,輕
于禁,84,77,74,57,A,A,C,連射,訓練,,中
于詮,64,76,40,39,A,C,C,攻擊強化,巡察,,中
衛瓘,69,46,79,78,C,C,A,弓兵速攻陣,商業,,中
袁遺,56,40,73,76,C,C,B,火攻計,文化,,中
袁胤,32,14,39,41,C,C,C,弓速強化,商業,,輕
閻宇,52,61,51,59,B,C,C,弓防強化,連戰,,重
袁渙,30,17,72,83,C,B,C,弓攻強化,駁倒,,輕
袁熙,66,51,63,65,C,C,B,騎速強化,堅守,,輕
閻行,76,84,66,58,B,A,C,騎兵守備陣,單挑,,重
閻柔,71,57,71,73,C,A,A,騎兵速攻陣,農業,,中
袁術,44,65,65,16,B,C,C,攻擊命令,威風,敵中作敵,重
袁尚,63,75,42,38,B,B,C,鼓舞,訓練,,重
袁紹,82,69,70,73,A,C,A,威風指揮,攻城,遠征輔佐,重
閻象,30,27,71,74,C,C,C,偽兵,商業,,中
袁譚,60,69,30,35,C,C,B,騎防強化,訓練,,中
閻圃,29,25,82,79,C,C,C,弓速弱化,駁倒,,輕
袁燿,41,50,41,51,C,C,B,騎攻強化,連戰,,中
王威,60,70,62,52,B,C,B,槍兵攻擊陣,巡察,,中
王允,26,6,68,80,C,C,C,偽兵,文化,敵中作敵,重
王基,77,72,86,85,A,A,B,槍兵攻擊陣,農業,,中
王頎,69,67,61,70,B,A,C,槍防弱化,農業,,中
王匡,65,55,61,70,C,B,B,弓兵攻擊陣,商業,,中
王業,33,6,35,66,C,C,C,槍攻弱化,農業,,中
王經,67,63,71,75,C,B,B,騎兵速攻陣,農業,,中
王伉,76,60,61,62,C,C,B,周圍攻搫,巡察,,中
王渾,74,71,63,74,A,B,A,槍兵速攻陣,商業,,中
王粲,15,3,79,80,C,C,C,攪亂挑釁,交涉,,輕
王脩,54,27,77,78,C,C,B,弓兵守備陣,駁倒,,輕
王戎,57,36,72,55,C,C,C,騎攻弱化,駁倒,,中
王肅,36,22,76,78,C,C,C,動搖挑釁,口才,,中
王濬,81,73,77,71,A,C,A,方圓陣,訓練,,重
王祥,23,19,68,78,C,C,C,騎防弱化,商業,,輕
區星,63,70,38,33,C,C,C,攻擊命令,訓練,,中
王雙,67,88,19,22,B,A,C,騎兵突擊,單挑,,重
王忠,39,57,21,27,C,C,B,弓防弱化,連戰,,中
王昶,74,64,79,79,A,B,A,槍兵煽動,商業,,中
王韜,46,59,72,51,C,B,C,弓攻弱化,堅守,,中
王惇,60,66,46,61,C,C,C,槍速強化,訓練,,中
王平,82,78,74,58,A,B,A,鐵壁,堅守,慎重堅守,中
王甫,62,41,79,78,C,C,B,攻擊弱化,商業,,中
王門,65,64,31,41,C,A,C,槍防弱化,訓練,,中
王淩,74,64,71,82,A,B,A,防禦強化,商業,,中
王累,28,30,79,80,C,C,C,偽兵,駁倒,,輕
王朗,47,35,79,81,C,C,C,弓攻弱化,文化,,輕
溫恢,62,36,74,86,B,B,B,攻擊命令,交涉,,輕
何晏,15,30,72,70,C,C,C,速攻指揮,口才,,重
蒯越,47,27,82,88,B,C,B,偽報攪亂,商業,商業重視,中
蒯良,68,33,88,82,B,C,A,齊射指揮,商業,和氣生財,中
賈華,49,65,41,29,B,C,C,槍防強化,連戰,,中
華覈,20,24,71,78,C,C,C,弓防弱化,農業,,中
賈逵,78,61,84,85,A,B,A,挑釁,商業,合理徹底,中
何儀,56,69,36,10,B,C,C,騎攻弱化,連戰,,重
華歆,33,33,82,83,C,C,C,槍兵動搖,駁倒,,中
賈詡,88,48,97,85,A,B,A,離間計,鬼謀,敵中作敵,中
郭奕,33,29,70,76,C,C,B,槍攻強化,商業,,重
郭嘉,84,15,96,84,B,A,C,機略縱橫,鬼謀,敵中作敵,重
鄂煥,65,82,42,21,C,B,C,守備命令,單挑,,重
郭汜,64,76,13,14,B,A,C,騎兵攻擊陣,單挑,,重
樂就,53,66,61,42,C,C,B,騎防強化,堅守,,重
霍峻,73,66,73,62,B,C,A,弓兵速攻陣,農業,,中
郝昭,86,79,78,62,S,A,B,鐵壁,堅守,慎重堅守,輕
樂進,80,85,56,51,A,A,B,不屈,奮戰,槍術調練,輕
郭石,59,71,48,42,A,B,C,騎速弱化,單挑,,重
樂綝,73,75,43,41,A,A,C,攻擊指揮,訓練,,重
郭圖,52,50,82,68,C,B,C,弓兵動搖,口才,,中
郝萌,62,67,42,34,C,A,C,槍攻弱化,連戰,,重
郭攸之,28,9,69,79,C,C,C,騎速弱化,商業,,輕
霍弋,73,69,69,74,C,C,A,消沈工作,農業,,輕
郭淮,84,78,82,77,A,A,C,方圓陣,訓練,騎馬調練,中
夏侯威,71,73,49,57,B,A,B,騎兵守備陣,連戰,,中
夏侯淵,91,90,68,61,A,A,S,神弓,訓練,弓術調練,重
夏侯恩,63,72,53,45,C,B,C,防禦強化,巡察,,中
夏侯和,48,51,71,76,C,B,C,機動強化,文化,,中
夏侯惠,50,44,76,73,C,B,B,挑釁,交涉,,中
夏侯玄,54,39,76,86,C,C,B,守備指揮,文化,,中
夏侯尚,79,72,75,65,B,B,A,弓兵攻擊陣,巡察,,重
夏侯德,69,73,32,40,B,A,C,槍速弱化,堅守,,重
夏侯惇,89,91,62,72,A,A,B,突進指揮,巡察,豪膽猛進,重
夏侯霸,79,84,77,55,A,A,B,不屈,巡察,,中
夏侯楙,20,7,4,21,C,C,C,騎防弱化,農業,,重
賈充,54,31,89,85,C,C,C,偽兵,口才,敵中作敵,輕
何植,15,24,26,27,C,C,C,弓速強化,文化,,中
何進,39,40,6,41,C,C,C,攻擊指揮,商業,,重
賀齊,82,71,82,64,A,C,A,弓兵攻擊陣,交涉,,中
賈範,60,62,73,62,C,C,B,速攻指揮,巡察,,中
華雄,84,91,62,42,B,S,C,鬥志勇壯,奮戰,豪膽猛進,重
關彝,50,62,44,52,C,C,B,騎攻強化,單挑,,輕
韓胤,26,29,65,54,C,C,C,騎速強化,交涉,,重
關羽,96,97,73,62,S,A,B,軍神,豪傑,槍術調練,重
桓階,25,26,68,78,C,C,C,弓速弱化,商業,,輕
管亥,70,82,10,5,B,A,C,騎兵攻擊陣,單挑,,重
毌丘儉,78,74,55,56,A,A,B,攻擊強化,巡察,,重
毌丘秀,58,62,33,38,C,B,B,弓防強化,連戰,,中
毌丘甸,63,60,69,70,C,B,B,弓攻強化,農業,,中
韓玄,22,33,7,4,B,C,C,騎攻弱化,農業,,重
韓浩,69,72,68,87,B,B,C,守備弱化,訓練,,輕
關興,76,86,67,58,A,A,B,鐵壁指揮,巡察,,中
關索,74,88,56,47,B,A,C,騎兵突擊,單挑,豪膽猛進,中
韓遂,81,74,83,66,B,A,C,特攻,訓練,,重
韓嵩,25,15,71,77,C,C,C,守備指揮,商業,,輕
關靖,36,52,73,63,C,B,C,騎兵速攻陣,連戰,,輕
韓暹,69,66,36,18,B,C,B,槍速強化,訓練,,重
闞澤,43,49,83,86,C,C,B,偽報攪亂,農業,遠征輔佐,重
韓忠,64,67,18,12,B,C,C,騎攻強化,訓練,,中
關統,63,60,61,63,C,C,A,騎防強化,訓練,,中
韓當,76,85,61,51,A,A,B,逆境指揮,水練,,重
韓德,63,76,25,16,C,A,C,騎兵守備陣,訓練,,中
甘寧,92,93,76,18,A,A,S,烈將突擊,豪傑,弓術調練,重
桓範,40,11,78,74,C,C,C,機動強化,農業,,輕
韓馥,28,3,27,62,C,C,C,弓防弱化,商業,,中
關平,80,84,72,60,A,A,B,突進指揮,連戰,槍術調練,中
簡雍,20,32,75,71,C,C,C,槍兵守備陣,交涉,和氣生財,重
顏良,89,92,31,28,A,S,C,勇將不屈,單挑,騎馬調練,重
魏延,86,89,71,49,S,A,B,剛將不屈,攻城,槍術調練,重
麴義,80,77,51,19,C,B,A,慰撫,訓練,,中
戲志才,63,7,88,73,C,C,C,偽兵,駁倒,,輕
魏續,67,78,31,32,B,A,C,攻擊指揮,訓練,,重
魏諷,52,23,72,78,B,C,C,槍攻強化,駁倒,,中
魏攸,46,29,74,74,C,C,B,速攻指揮,農業,,中
牛金,72,79,38,40,B,A,C,攻擊強化,奮戰,,重
丘建,39,52,65,52,B,C,C,槍防強化,連戰,,中
牛輔,38,60,21,26,C,B,C,騎速強化,單挑,,重
丘本,50,41,67,56,C,C,B,弓速強化,口才,,中
姜維,92,89,90,66,A,S,A,決死指揮,神速,公正無私,重
鞏志,43,53,62,65,C,C,B,弓防強化,連戰,,中
橋蕤,64,69,38,41,A,C,B,弓攻強化,堅守,,中
龔都,59,70,23,22,B,B,B,防禦強化,堅守,,重
橋瑁,54,45,69,72,B,B,C,槍兵攻擊陣,商業,,中
許儀,51,74,15,16,B,B,C,槍防弱化,單挑,,輕
許貢,44,66,64,64,C,C,A,槍攻弱化,連戰,,重
許靖,23,5,68,79,B,C,C,槍兵守備陣,商業,,輕
許褚,74,96,36,20,A,B,C,怪力無雙,單挑,慎重堅守,重
許攸,36,21,80,56,C,B,C,槍兵動搖,口才,,中
媯覽,55,70,58,41,B,C,C,弓攻弱化,連戰,,中
紀靈,78,83,51,48,A,A,C,不動,單挑,騎馬調練,中
金禕,32,38,65,68,B,C,C,騎兵挑釁,文化,,輕
金環三結,64,76,19,19,B,B,C,槍兵速攻陣,訓練,,重
金旋,52,68,13,29,C,C,C,騎攻弱化,連戰,,重
虞汜,61,34,74,71,C,C,B,攻擊弱化,農業,,中
虞翻,43,46,86,81,C,C,B,動搖,文化,,重
邢道榮,69,80,41,16,C,B,C,消沈工作,單挑,,中
郤正,42,23,68,75,C,C,C,慰撫,口才,,輕
嚴顏,80,81,73,66,B,C,A,特攻指揮,奮戰,槍術調練,重
牽弘,70,74,66,65,C,B,C,弓攻強化,巡察,,中
嚴綱,68,71,40,51,C,A,C,槍兵煽動,訓練,,中
嚴畯,28,2,71,84,C,C,C,偽兵,農業,,輕
牽招,72,79,73,75,C,A,B,火攻計,商業,,輕
嚴政,50,55,39,36,B,C,C,槍速強化,攻城,,重
嚴白虎,67,70,23,21,B,C,C,騎防強化,訓練,,重
嚴輿,61,78,44,20,A,C,B,騎速弱化,水練,,重
吳懿,79,73,70,70,A,B,A,火攻計,文化,,中
侯音,76,72,45,28,A,B,C,騎攻強化,訓練,,中
黃蓋,82,83,73,62,A,C,A,特攻指揮,奮戰,豪膽猛進,重
高幹,74,56,48,59,C,C,A,守備指揮,攻城,,中
黃權,75,59,82,79,B,C,A,攻擊指揮,交涉,,輕
黃皓,1,1,30,10,C,C,C,弓防強化,商業,,重
高柔,57,43,72,79,C,C,B,鼓舞,駁倒,,輕
高順,88,87,60,46,A,S,C,特攻,攻城,騎馬調練,輕
高翔,68,68,53,44,C,B,B,槍防強化,巡察,,中
高昇,67,73,41,21,A,B,C,防禦強化,訓練,,中
黃崇,67,63,72,69,C,C,A,動搖挑釁,巡察,,中
侯成,74,75,68,56,B,A,B,機動強化,巡察,,重
侯選,63,66,34,55,C,A,C,弓速強化,奮戰,,重
黃祖,74,66,55,38,B,C,A,消沈工作,水練,,重
公孫越,74,72,47,54,B,A,C,騎兵守備陣,訓練,,中
公孫淵,65,70,60,35,B,B,C,槍兵攻擊陣,神速,,重
公孫恭,39,17,69,61,C,B,C,騎速強化,駁倒,,中
公孫康,72,66,65,58,C,A,C,煽動挑釁,巡察,,中
公孫瓚,81,80,71,53,B,A,B,騎兵速攻陣,訓練,騎馬調練,重
公孫續,63,68,57,63,C,A,B,槍攻弱化,巡察,,中
公孫度,67,71,66,51,B,A,C,槍攻強化,巡察,,中
公孫範,73,69,66,62,C,A,B,弓兵守備陣,巡察,,中
黃忠,89,95,66,52,B,A,S,天弓,豪傑,弓術調練,重
孔?,26,16,68,78,C,C,B,弓速弱化,農業,,輕
高定,55,63,43,42,B,C,C,弓防弱化,連戰,,中
高堂隆,35,24,76,85,C,C,C,槍速弱化,文化,,中
高沛,66,61,69,57,C,C,A,騎兵挑釁,巡察,,中
皇甫嵩,89,61,73,57,S,C,A,速防指揮,訓練,慎重堅守,中
孔融,30,5,73,75,C,C,C,守備弱化,口才,,輕
高覽,76,82,68,55,B,A,C,騎兵守備陣,單挑,,輕
吳巨,49,61,23,51,C,B,C,弓攻弱化,連戰,,重
國淵,50,19,71,86,C,C,B,騎攻弱化,農業,,輕
吳景,69,66,52,65,B,C,A,槍速強化,水練,,重
吾彥,74,72,77,69,C,C,A,騎攻強化,商業,,中
吳綱,48,38,65,65,C,C,C,騎防強化,農業,,中
吾粲,68,41,78,75,C,C,A,周圍攻搫,交涉,,重
胡質,73,46,74,80,C,C,B,弓兵煽動,商業,,重
吳質,16,29,68,57,C,C,C,騎兵挑釁,交涉,,重
胡車兒,70,82,41,2,C,B,C,攻擊強化,單挑,,重
胡遵,79,76,62,50,A,A,C,弓兵煽動,巡察,,重
胡軫,65,74,12,15,B,A,C,速攻命令,連戰,,中
胡濟,57,39,68,72,B,C,B,守備命令,農業,,輕
顧譚,53,23,77,83,C,C,C,槍防強化,駁倒,,中
兀突骨,79,86,1,3,A,C,B,特攻,神速,,重
胡班,55,55,59,50,C,C,B,槍防弱化,連戰,,重
吳班,74,71,59,45,A,B,B,槍兵守備陣,神速,,輕
胡奮,71,76,50,52,C,A,C,騎兵守備陣,連戰,,輕
顧雍,43,18,80,88,C,C,C,防禦強化,農業,合理徹底,輕
吳蘭,68,80,35,36,B,B,C,槍兵速攻陣,攻城,,重
胡烈,73,67,72,65,B,B,A,槍攻強化,巡察,,中
崔琰,18,55,70,83,C,C,C,弓速強化,攻城,,輕
蔡和,39,50,1,26,C,C,B,槍速強化,文化,,中
蔡中,40,54,2,22,C,C,C,騎速強化,文化,,中
蔡瑁,70,70,77,72,B,C,B,槍兵攻擊陣,水練,,重
崔林,32,22,66,78,C,C,B,偽兵,商業,,中
左奕,62,66,51,43,C,C,B,槍防弱化,巡察,,中
笮融,60,69,38,21,B,C,C,弓攻弱化,連戰,,重
士壹,48,36,67,74,C,C,B,槍攻弱化,駁倒,,重
士徽,69,64,44,31,A,C,C,槍攻弱化,巡察,,中
士匡,58,45,64,58,C,B,B,槍防強化,駁倒,,中
施朔,38,65,47,21,C,C,B,弓防強化,連戰,,中
師纂,60,72,54,46,A,B,C,弓攻強化,巡察,,中
士祇,63,58,51,52,B,B,B,弓防弱化,水練,,中
士燮,53,31,76,80,C,B,C,火攻計,文化,,輕
司馬懿,97,63,98,91,S,S,A,鬼謀計,鬼謀,神算鬼謀,中
司馬炎,69,59,77,79,C,B,B,威風指揮,威風,遠征輔佐,重
司馬師,79,64,88,82,A,B,B,煽動挑釁,神速,和氣生財,重
司馬昭,76,57,87,88,A,B,A,偽報攪亂,口才,兵站管理,中
司馬?,61,52,61,66,C,C,B,騎攻弱化,連戰,,中
司馬孚,70,37,77,79,B,C,B,慰撫,文化,,輕
司馬望,78,58,83,71,C,B,C,偽兵,農業,農業重視,中
司馬攸,71,68,75,77,B,B,A,動搖挑釁,人德,,輕
司馬朗,20,21,72,82,C,C,B,火攻計,文化,,中
士武,47,42,64,70,C,C,B,弓防弱化,商業,,輕
車冑,49,49,40,58,C,B,C,騎防弱化,堅守,,輕
沙摩柯,66,84,25,14,C,C,A,弓兵攻擊陣,單挑,,重
朱異,70,73,61,45,B,C,B,逆境指揮,連戰,,中
周昕,65,62,73,65,B,C,A,攻擊強化,巡察,,中
周昂,74,65,65,49,C,C,A,機動強化,巡察,,中
周旨,65,85,41,29,C,A,C,騎兵攻擊陣,巡察,,中
周倉,68,84,42,33,B,C,C,方圓陣,連戰,,重
周泰,82,88,48,38,A,A,C,仁王立,水練,槍術調練,中
州泰,71,64,71,64,A,B,B,機動弱化,巡察,,中
周朝,63,68,26,22,C,C,A,騎攻弱化,攻城,,重
周魴,52,41,80,75,C,C,B,弓兵守備陣,交涉,,重
周瑜,95,71,96,86,A,B,S,神火計,鬼謀,神算鬼謀,重
朱桓,85,82,77,56,A,B,A,大火計,水練,,中
朱據,77,57,72,70,A,B,A,防禦強化,水練,,中
朱鑠,32,35,55,66,B,C,C,攻擊命令,文化,,中
朱?,84,66,70,71,B,B,A,齊射指揮,巡察,兵站管理,中
朱然,79,69,71,60,A,C,A,大火計,水練,,中
朱治,71,56,72,73,B,B,A,速攻命令,水練,,中
朱褒,68,73,34,32,C,C,B,周圍攻搫,堅守,,中
朱靈,71,73,67,53,B,A,C,攪亂,巡察,,輕
荀彧,62,14,95,99,C,C,B,王佐,人德,公正無私,輕
淳于瓊,72,66,29,29,B,B,C,騎兵攻擊陣,巡察,,重
荀顗,16,13,70,74,C,C,C,騎攻強化,商業,,輕
荀勗,8,19,77,72,C,C,C,騎防強化,商業,,輕
荀諶,34,25,78,78,C,C,C,槍兵煽動,口才,,中
荀攸,73,26,94,88,B,B,B,大火計,口才,兵站管理,輕
焦彝,62,69,63,42,B,B,C,槍攻強化,巡察,,重
鍾毓,32,12,71,76,C,C,B,騎速強化,駁倒,,中
蔣琬,78,34,84,93,B,C,A,槍兵動搖,農業,兵站管理,中
鍾會,83,50,91,78,B,C,A,煽動,駁倒,,重
蔣幹,19,6,66,64,C,C,C,挑釁,商業,,輕
蔣義渠,71,58,59,51,C,B,B,守備弱化,連戰,,中
蔣欽,78,84,54,42,B,B,A,強弓,訓練,,重
譙周,16,3,67,71,C,C,C,騎速弱化,農業,,輕
蔣舒,55,76,35,29,C,B,C,弓攻強化,攻城,,中
焦觸,65,76,33,32,C,A,C,速攻指揮,訓練,,中
蔣濟,48,43,85,77,C,C,A,偽報,交涉,農業重視,中
向寵,76,61,77,67,B,C,A,弓速弱化,巡察,,中
蔣班,63,73,62,41,B,C,B,弓速強化,巡察,,中
蔣斌,27,23,64,73,C,C,B,弓兵速攻陣,商業,,中
鍾繇,70,24,77,93,C,B,B,偽報動搖,文化,和氣生財,輕
鍾離牧,78,72,73,71,C,C,B,弓兵速攻陣,水練,,重
向朗,28,18,74,74,C,C,B,守備命令,駁倒,,中
徐榮,81,76,62,43,B,A,C,疾驅指揮,訓練,,重
諸葛恪,72,47,90,80,B,C,A,連射,駁倒,敵中作敵,重
諸葛喬,62,27,75,70,C,C,A,弓兵攻擊陣,商業,,輕
諸葛瑾,75,34,81,89,C,C,A,偽報動搖,交涉,商業重視,中
諸葛均,29,25,52,66,C,C,B,弓防強化,農業,,中
諸葛緒,41,40,29,46,C,B,C,槍速強化,攻城,,中
諸葛尚,64,79,62,55,A,B,B,不屈,神速,,中
諸葛靚,58,63,66,65,B,C,B,槍防強化,訓練,,中
諸葛瞻,70,57,76,72,B,B,A,偽報,兵器,,中
諸葛誕,72,72,76,75,B,B,A,弓兵速攻陣,神速,,中
諸葛亮,98,38,100,95,S,C,S,神算陣法,鬼謀,神算鬼謀,中
徐晃,88,91,74,48,A,S,B,勇將不屈,豪傑,騎馬調練,重
徐質,68,83,24,26,B,A,C,槍速弱化,巡察,,中
徐庶,87,64,93,80,A,A,A,突擊指揮,鬼謀,公正無私,重
徐盛,86,81,78,65,A,B,A,鐵壁,堅守,弓術調練,中
徐邈,55,32,68,82,C,C,B,弓兵守備陣,農業,,重
沈瑩,70,77,61,42,B,C,B,騎攻弱化,堅守,,中
申儀,55,59,60,56,C,C,B,弓攻弱化,巡察,,中
任峻,67,60,53,41,C,B,B,騎防強化,巡察,,中
辛敞,50,26,42,68,C,C,B,騎速強化,商業,,中
申耽,56,62,54,41,B,C,B,槍攻強化,巡察,,中
審配,80,60,83,73,B,B,A,連射,堅守,,重
辛毘,39,24,79,79,C,C,B,弓兵煽動,駁倒,,中
辛評,69,43,77,75,A,C,B,攻擊指揮,商業,,中
秦宓,31,7,73,78,C,C,C,守備指揮,農業,,重
秦朗,58,70,35,15,B,B,C,攻擊弱化,單挑,,重
眭元進,52,68,45,32,C,C,B,弓速強化,農業,,重
眭固,63,71,38,7,A,C,B,槍兵守備陣,單挑,,重
鄒靖,70,64,66,59,A,B,B,弓速強化,巡察,,重
鄒丹,61,64,34,37,C,A,C,騎速強化,訓練,,中
成宜,74,72,41,48,B,A,C,攻擊強化,神速,,重
成公英,73,71,80,62,C,A,B,轉進強化,交涉,,重
盛曼,61,68,66,50,C,C,A,騎攻強化,巡察,,中
石苞,69,71,56,53,A,B,B,槍兵攻擊陣,巡察,,中
薛瑩,49,18,64,74,C,C,B,槍防弱化,商業,,中
薛珝,17,15,68,72,C,C,C,騎防弱化,商業,,中
薛綜,34,16,73,80,C,C,C,守備指揮,商業,,輕
全禕,61,68,44,32,B,C,B,弓防弱化,訓練,,重
全懌,60,63,38,43,C,C,B,槍攻弱化,訓練,,重
單經,71,68,43,49,B,A,C,周圍攻搫,訓練,,中
全尚,2,4,12,41,C,C,C,槍防弱化,農業,,中
全琮,78,72,75,61,A,C,A,防禦強化,農業,,重
全端,67,64,39,37,B,C,C,慰撫,訓練,,重
曹宇,50,43,37,52,B,C,C,慰撫,文化,,輕
曹叡,72,52,82,82,B,B,A,連射,威風,和氣生財,重
曹奐,30,28,30,45,C,C,C,周圍攻搫,文化,,中
曹羲,30,26,50,53,C,C,B,弓攻強化,文化,,輕
曹休,74,75,62,56,B,A,A,特攻指揮,神速,,重
曹訓,18,34,11,13,C,B,C,弓防強化,文化,,重
宋憲,68,77,38,27,B,C,A,弓兵速攻陣,神速,,重
宋謙,66,78,42,39,C,B,C,騎兵攻擊陣,巡察,,中
曹昂,74,67,69,68,B,B,C,轉進強化,神速,,輕
曹洪,79,81,44,35,B,A,A,齊射指揮,訓練,,重
臧洪,72,81,65,24,A,B,B,槍兵速攻陣,巡察,,重
曹純,75,71,63,35,B,A,C,騎兵速攻陣,訓練,,中
曹彰,83,89,40,35,A,A,C,騎兵突擊,神速,豪膽猛進,重
曹植,33,22,81,70,C,C,C,偽報,文化,遠征輔佐,重
曹真,83,75,74,73,B,A,B,疾驅指揮,堅守,慎重堅守,中
曹仁,89,86,63,47,A,A,B,鐵壁,奮戰,慎重堅守,中
曹性,54,74,38,27,C,B,A,弓兵守備陣,單挑,,重
曹操,99,72,92,91,A,A,A,勇略指揮,威風,合理徹底,重
曹爽,39,33,30,66,C,B,C,騎兵速攻陣,商業,,重
曹沖,31,21,85,79,C,C,C,攪亂,口才,和氣生財,輕
臧霸,78,75,53,56,A,A,C,消沈工作,神速,,中
曹丕,70,71,83,86,B,B,A,速防指揮,威風,兵站管理,中
曹豹,54,69,32,21,B,B,B,機動弱化,連戰,,輕
曹芳,20,14,27,48,C,C,C,鼓舞,文化,,重
曹髦,54,61,59,75,A,B,C,槍兵速攻陣,文化,,輕
曹熊,9,5,52,64,C,C,C,機動弱化,商業,,輕
沮授,78,35,90,89,B,A,A,偽兵,駁倒,,輕
蘇飛,69,63,66,62,C,C,B,槍兵挑釁,巡察,,重
祖茂,70,71,66,53,C,B,C,騎兵攻擊陣,神速,商業重視,重
蘇由,50,59,49,41,C,C,B,機動弱化,連戰,,中
孫異,69,71,55,62,B,C,A,機動弱化,水練,,中
孫和,31,39,68,71,C,B,A,槍兵煽動,農業,,重
孫桓,84,73,76,68,B,C,A,逆境指揮,堅守,慎重堅守,重
孫觀,72,78,51,39,B,A,C,槍防弱化,神速,,中
孫冀,60,67,51,60,B,C,B,機動弱化,訓練,,中
孫休,57,42,78,76,C,C,C,機動強化,農業,,重
孫匡,52,46,44,65,B,C,B,騎攻弱化,水練,,重
孫歆,66,69,35,38,B,C,B,騎防弱化,水練,,重
孫乾,34,33,79,84,C,C,C,槍兵動搖,交涉,和氣生財,重
孫堅,94,90,79,73,S,A,C,獅子奮迅,威風,豪膽猛進,重
孫權,79,67,80,89,B,B,A,堅守指揮,商業,和氣生財,重
孫皎,77,72,67,71,B,C,A,強弓,水練,,中
孫皓,41,73,71,23,C,C,C,特攻指揮,水練,,重
孫策,96,91,76,70,A,S,B,小霸王,豪傑,騎馬調練,重
孫秀,55,51,53,57,B,C,A,騎防弱化,水練,,中
孫峻,64,70,65,26,B,C,B,鼓舞,水練,,重
孫韶,77,76,77,67,B,A,C,消沈工作,水練,,重
孫靜,66,53,73,71,C,C,B,攻擊指揮,水練,,輕
孫仲,62,71,36,8,B,B,C,守備指揮,攻城,,重
孫綝,58,55,65,17,B,C,C,槍兵守備陣,水練,,重
孫登,62,37,79,80,B,C,A,弓兵動搖,商業,,輕
孫瑜,77,70,68,69,A,B,A,守備命令,水練,,輕
孫翊,67,78,27,16,A,A,C,速攻命令,水練,,重
孫亮,32,26,70,76,C,C,B,槍兵煽動,水練,,重
孫禮,78,81,67,73,B,A,C,火攻計,單挑,,輕
孫朗,34,43,30,40,C,C,B,弓防強化,農業,,重
戴員,38,52,43,48,B,C,B,槍防強化,巡察,,輕
太史享,57,66,48,59,C,B,C,速攻指揮,水練,,中
太史慈,90,93,69,58,B,A,S,鬥將勇躍,訓練,弓術調練,中
帶來洞主,51,53,54,43,C,C,B,槍攻弱化,訓練,,重
戴陵,70,75,39,48,B,A,C,攻擊弱化,水練,,重
朵思大王,62,59,70,54,C,C,A,偽報攪亂,口才,,重
譚雄,58,73,14,20,A,B,C,槍兵守備陣,堅守,,中
張允,72,67,42,56,C,C,A,弓兵守備陣,水練,,重
趙雲,92,96,75,65,A,S,A,鬥志豪壯,豪傑,豪膽猛進,中
張衛,74,66,45,44,C,C,B,弓兵速攻陣,水練,,輕
張英,75,74,41,34,A,C,B,槍兵速攻陣,訓練,,中
張燕,76,81,57,48,B,A,C,疾驅指揮,神速,,重
張橫,59,70,23,24,C,A,C,守備弱化,連戰,,重
張溫,32,10,72,78,C,C,C,火攻計,交涉,,輕
張華,36,27,78,79,C,C,C,槍攻強化,商業,,輕
張闓,34,66,8,1,B,C,C,弓兵挑釁,攻城,,重
張角,87,25,86,80,A,C,A,太平要術,文化,公正無私,中
張既,74,35,76,88,C,A,B,鐵壁指揮,交涉,和氣生財,輕
張休,63,27,74,80,C,C,B,騎兵動搖,商業,,輕
張球,69,72,44,30,C,A,C,槍攻強化,水練,,中
張舉,79,75,56,48,B,A,B,攻擊弱化,巡察,,中
張嶷,79,72,75,77,A,C,A,弓兵攻擊陣,巡察,,重
張勳,72,68,41,39,B,C,C,騎速弱化,訓練,,中
張虎,75,74,51,34,B,A,B,逆境強化,神速,,中
張紘,24,22,86,95,C,C,C,攪亂,農業,和氣生財,輕
張郃,89,89,73,57,A,S,C,剛將不屈,連戰,騎馬調練,中
趙廣,67,71,53,53,C,A,B,騎防弱化,神速,,輕
趙弘,66,72,28,22,B,B,C,弓速弱化,訓練,,重
張繡,80,75,64,45,C,A,B,騎兵突擊,訓練,騎馬調練,重
張緝,76,29,80,74,C,C,B,弓兵守備陣,駁倒,,輕
張純,73,81,60,36,B,A,B,騎兵速攻陣,訓練,,中
張遵,63,68,66,59,B,C,B,弓攻強化,巡察,,重
張昭,33,3,84,97,B,C,C,攪亂挑釁,商業,合理徹底,重
張松,25,6,88,82,C,C,C,攪亂挑釁,駁倒,,重
張紹,23,56,31,59,C,C,C,守備弱化,連戰,,重
張承,77,70,75,73,B,C,A,槍速弱化,商業,,輕
張任,83,80,78,59,A,C,A,逆境強化,訓練,弓術調練,中
張濟,70,66,55,53,C,A,C,槍速弱化,訓練,,中
張達,43,56,34,22,C,B,B,騎攻強化,連戰,,輕
張超,65,71,62,35,C,C,A,弓兵煽動,訓練,,中
張悌,67,43,80,78,A,C,B,慰撫,駁倒,農業重視,輕
趙統,68,67,61,54,B,A,B,弓攻弱化,神速,,輕
張特,73,54,75,66,C,C,B,騎防強化,連戰,,中
張南,57,71,46,34,C,A,C,弓攻強化,堅守,,中
張邈,52,53,71,74,C,C,A,攻擊命令,商業,,重
趙範,28,21,32,58,C,B,C,弓防強化,農業,,重
張飛,90,98,30,22,S,A,C,萬人敵,單挑,豪膽猛進,重
張布,31,24,71,66,C,C,C,槍速強化,農業,,重
張寶,80,71,81,76,A,B,A,妖術,訓練,,輕
張苞,78,87,48,46,A,A,B,不動,神速,,重
張曼成,75,81,45,47,A,B,C,特攻,訓練,,重
張楊,72,70,66,58,C,A,B,槍防強化,訓練,,中
張翼,75,74,76,72,B,C,A,恢復士氣,訓練,,輕
張梁,78,80,74,56,A,A,C,妖術,訓練,,中
張遼,94,92,78,58,A,S,B,驍將疾驅,豪傑,騎馬調練,中
趙累,70,43,68,74,B,C,A,恢復士氣,商業,,輕
張魯,51,26,74,78,B,C,B,恢復士氣,農業,農業重視,輕
陳應,62,72,45,27,A,C,C,槍兵攻擊陣,訓練,,中
陳橫,64,63,26,35,C,C,B,挑釁,訓練,,中
陳紀,58,65,43,48,C,C,B,騎速強化,連戰,,中
陳宮,83,55,89,83,A,B,B,偽報攪亂,駁倒,敵中作敵,中
陳矯,61,27,77,83,C,C,A,恢復士氣,農業,,輕
陳群,32,14,75,96,C,C,C,後方支援,文化,合理徹底,輕
陳珪,30,4,82,77,C,C,C,弓兵動搖,交涉,和氣生財,重
陳騫,72,71,65,57,A,B,C,槍兵守備陣,巡察,,輕
陳祇,38,35,81,84,C,B,B,弓攻強化,交涉,,中
陳壽,12,22,60,75,C,C,C,騎速強化,文化,,中
陳式,70,71,25,23,B,B,C,速攻命令,訓練,,重
陳震,46,46,69,76,C,C,B,恢復士氣,駁倒,,中
陳泰,84,77,86,78,A,A,A,鐵壁指揮,訓練,,輕
陳登,79,64,81,80,B,C,A,逆境指揮,商業,慎重堅守,重
陳到,76,71,67,53,A,A,B,攻擊指揮,訓練,,輕
陳表,66,42,74,76,C,C,B,周圍攻搫,交涉,,中
陳武,72,84,44,41,A,C,C,特攻,水練,,中
陳蘭,66,69,40,24,B,C,C,弓防強化,訓練,,重
陳琳,25,9,75,78,C,C,C,煽動挑釁,文化,,輕
程昱,70,49,90,79,A,C,C,虛報,駁倒,合理徹底,中
程遠志,69,74,17,24,A,A,C,消沈工作,訓練,,重
丁儀,15,5,64,72,C,C,C,守備指揮,商業,,重
程銀,69,73,40,36,C,A,C,速攻指揮,神速,,中
丁原,70,76,35,40,C,A,B,攻擊命令,巡察,,中
程普,84,79,79,74,A,B,A,鐵壁指揮,訓練,,中
程武,56,35,75,71,B,C,C,守備命令,駁倒,,中
程秉,16,15,71,72,C,C,C,槍兵挑釁,駁倒,,輕
丁封,66,66,53,39,A,B,C,攻擊強化,訓練,,中
丁奉,81,80,75,55,A,A,B,齊射指揮,訓練,,中
典韋,72,95,35,29,B,C,C,仁王立,單挑,槍術調練,重
田楷,68,65,58,61,C,A,B,槍攻弱化,巡察,,中
田續,47,60,55,15,B,B,C,弓速強化,連戰,,中
田疇,66,66,73,76,C,B,B,攻擊弱化,巡察,,輕
田豐,72,29,93,87,A,C,B,大火計,交涉,公正無私,輕
典滿,51,73,39,26,C,C,C,守備弱化,單挑,,中
田豫,80,72,80,78,B,A,A,機動強化,訓練,,輕
董允,47,28,79,88,C,C,B,火攻計,商業,商業重視,輕
滕胤,29,41,71,76,C,C,B,槍兵煽動,商業,,中
董和,57,34,75,87,C,C,A,防禦強化,商業,,輕
鄧艾,93,87,89,81,S,A,A,突擊指揮,攻城,慎重堅守,中
黨均,33,24,77,59,B,C,C,槍速強化,駁倒,,中
董厥,65,59,76,78,C,C,A,騎速弱化,文化,,輕
陶謙,51,27,64,63,C,C,B,消沈工作,商業,,輕
鄧賢,61,73,45,36,B,C,B,弓速弱化,攻城,,中
唐咨,61,71,50,52,A,C,B,動搖挑釁,訓練,,中
鄧芝,73,52,81,85,B,B,A,偽報煽動,口才,和氣生財,中
董襲,72,85,50,48,A,C,B,機動強化,巡察,,中
滕脩,44,32,31,71,C,C,B,槍攻強化,農業,,中
陶濬,65,66,46,44,C,C,B,槍防強化,訓練,,中
董承,56,53,65,63,C,B,C,槍防弱化,連戰,,輕
董昭,34,25,80,82,C,C,C,騎兵煽動,交涉,,輕
董卓,87,86,73,59,C,A,A,威風指揮,威風,豪膽猛進,重
鄧忠,76,86,69,55,A,A,B,逆境強化,訓練,,輕
董朝,17,13,56,71,C,C,C,騎防強化,農業,,中
董荼那,68,73,31,37,B,C,C,槍速弱化,訓練,,中
董旻,49,60,25,12,C,B,C,騎攻強化,訓練,,重
鄧茂,61,75,29,17,B,A,C,騎兵煽動,訓練,,重
杜畿,66,32,75,87,C,C,B,恢復士氣,農業,,中
杜預,89,30,86,80,A,C,S,速防指揮,神速,兵站管理,重
裴元紹,49,65,25,27,B,C,C,弓攻強化,連戰,,重
裴秀,8,9,70,79,C,C,C,騎防強化,交涉,,輕
馬玩,71,74,16,23,B,A,C,騎兵攻擊陣,神速,,重
馬休,68,73,48,45,B,A,C,騎兵速攻陣,訓練,,輕
馬鈞,22,17,71,60,C,C,C,守備弱化,兵器,,輕
波才,74,74,55,25,A,C,C,槍兵速攻陣,訓練,,中
馬遵,38,52,31,51,C,B,C,騎防弱化,連戰,,中
馬謖,61,67,87,68,B,B,B,偽報煽動,駁倒,敵中作敵,輕
馬岱,79,85,62,54,B,A,B,騎兵突擊,單挑,,中
馬忠,78,72,68,78,C,C,B,攻擊強化,巡察,,中
馬超,91,96,44,26,A,S,C,猛將突擊,豪傑,豪膽猛進,重
馬鐵,70,62,58,52,C,A,B,騎兵守備陣,訓練,,中
馬騰,80,83,84,58,B,A,C,疾驅指揮,神速,慎重堅守,重
馬邈,34,12,44,35,C,C,C,騎兵速攻陣,商業,,輕
馬良,53,23,88,91,C,C,B,後方支援,交涉,和氣生財,輕
萬彧,21,25,71,65,C,C,C,槍速強化,交涉,,中
范彊,49,50,36,38,C,C,A,槍防強化,攻城,,輕
樊建,41,24,71,77,C,C,B,騎兵煽動,農業,,輕
潘濬,61,18,68,82,C,C,C,攻擊指揮,交涉,,輕
潘璋,76,80,74,28,B,B,A,不動,訓練,,中
樊稠,66,73,31,24,C,A,C,守備弱化,訓練,,重
樊能,69,61,36,31,C,C,B,弓防強化,訓練,,中
潘鳳,56,77,4,14,C,B,C,轉進強化,單挑,,中
費禕,77,30,83,92,B,C,A,弓兵動搖,農業,農業重視,重
卑衍,60,66,21,30,C,B,B,弓速強化,訓練,,中
費詩,18,28,65,74,C,C,C,動搖挑釁,駁倒,,輕
糜竺,33,29,78,83,C,C,B,騎兵煽動,農業,農業重視,輕
糜芳,54,61,32,23,B,C,B,騎兵煽動,連戰,,重
費耀,70,66,73,62,B,B,C,火攻計,巡察,,中
武安國,70,83,34,33,B,B,C,守備命令,單挑,,中
馮習,72,71,39,41,A,B,C,慰撫,堅守,,中
傅嘏,44,35,81,82,C,C,B,弓兵挑釁,口才,,中
傅士仁,46,63,37,24,C,C,B,槍攻強化,連戰,,重
傅僉,73,85,76,46,B,A,C,攻擊弱化,巡察,,輕
傅巽,29,13,70,72,C,C,C,守備指揮,駁倒,,輕
傅彤,66,72,46,42,B,B,C,騎防強化,堅守,,中
文鴦,76,91,65,32,B,S,A,鬥志勇壯,豪傑,騎馬調練,重
文欽,74,83,43,34,A,B,B,特攻,攻城,,重
文虎,66,72,45,30,B,B,C,騎攻強化,水練,,重
文醜,88,93,28,25,S,A,A,剛將不屈,單挑,槍術調練,重
文聘,81,82,69,69,A,C,B,強弓,訓練,,中
卞喜,56,70,62,37,B,C,B,防禦強化,連戰,,重
方悅,68,80,44,46,A,B,C,槍防弱化,巡察,,中
龐會,69,75,49,42,B,A,C,不動,攻城,,輕
忙牙長,45,79,3,2,A,B,C,機動強化,連戰,,中
逢紀,43,21,84,70,C,C,C,騎兵煽動,駁倒,,重
龐羲,60,38,69,74,C,C,B,周圍攻搫,交涉,,重
鮑信,77,67,81,73,B,C,B,速攻指揮,巡察,,中
法正,84,47,94,78,C,C,A,偽報動搖,駁倒,敵中作敵,重
龐統,86,34,97,85,B,C,C,連環計,鬼謀,神算鬼謀,重
龐德,89,94,75,44,B,S,A,鬥志勇壯,訓練,騎馬調練,中
鮑隆,58,76,49,23,B,C,A,騎速弱化,堅守,,輕
步協,71,49,69,63,C,C,A,槍攻弱化,交涉,,輕
穆順,52,77,11,21,C,B,C,騎兵守備陣,單挑,,中
濮陽興,37,32,70,72,C,C,C,槍兵挑釁,農業,,中
木鹿大王,65,71,39,6,C,C,C,攻擊命令,訓練,,重
步騭,72,51,84,86,C,C,A,弓速弱化,農業,合理徹底,輕
步闡,71,60,71,64,C,C,B,弓兵挑釁,交涉,,重
滿寵,85,64,82,84,A,C,A,鐵壁指揮,訓練,,輕
毛玠,63,39,60,78,C,C,B,弓速弱化,農業,,輕
孟獲,82,87,42,45,B,C,C,特攻指揮,訓練,豪膽猛進,重
孟建,73,31,80,86,B,B,B,弓兵挑釁,農業,,重
孟宗,47,28,72,78,C,C,B,騎攻強化,農業,,中
孟達,75,73,75,66,B,C,A,逆境強化,神速,,重
孟優,50,68,22,18,B,C,C,槍速強化,水練,,重
俞涉,62,79,24,23,B,A,C,騎兵攻擊陣,訓練,,重
楊懷,62,68,68,62,C,C,B,槍攻強化,巡察,,中
雍闓,73,75,57,56,A,C,C,機動強化,巡察,,重
楊儀,68,40,82,79,C,C,B,弓兵動搖,駁倒,,重
楊欣,61,68,61,58,A,B,C,騎防強化,巡察,,輕
羊祜,90,64,84,87,S,A,A,軍略支援,訓練,槍術調練,重
楊弘,33,15,77,60,C,C,C,鼓舞,商業,,中
楊昂,68,72,38,35,B,B,B,弓兵攻擊陣,訓練,,中
楊濟,67,68,71,66,B,B,B,騎速強化,巡察,,中
楊醜,52,65,40,22,B,B,C,火計,連戰,,重
楊脩,25,4,83,79,C,C,C,偽報煽動,駁倒,,輕
楊秋,67,64,60,63,C,A,B,騎防弱化,巡察,,中
楊松,17,5,28,34,C,C,C,槍防弱化,商業,,重
楊任,70,78,56,40,C,B,B,恢復士氣,巡察,,輕
楊祚,53,61,36,32,B,B,C,弓攻弱化,連戰,,中
楊肇,70,65,68,62,A,B,A,弓攻強化,巡察,,輕
楊柏,44,45,19,26,B,C,C,弓防強化,商業,,中
楊阜,67,50,83,78,C,B,B,速攻指揮,駁倒,,輕
楊奉,66,65,31,14,B,B,C,弓防弱化,訓練,,中
楊鋒,54,62,53,40,C,C,C,槍防強化,連戰,,重
雷銅,69,78,51,37,B,B,C,槍兵攻擊陣,訓練,,中
雷薄,62,70,36,11,A,C,C,槍兵守備陣,訓練,,輕
駱統,76,58,75,77,B,C,A,攻擊強化,農業,,輕
羅憲,84,70,77,72,B,C,A,守備命令,訓練,,輕
李異,63,77,19,18,A,B,C,槍兵速攻陣,水練,,中
李恢,79,65,79,77,B,C,A,弓兵守備陣,文化,,輕
李傕,69,72,24,1,B,A,C,騎兵攻擊陣,連戰,,重
李堪,58,69,33,37,C,A,C,弓速強化,連戰,,輕
陸凱,65,61,79,85,C,C,B,偽報,商業,,輕
陸抗,91,63,87,85,A,C,S,猛射指揮,訓練,弓術調練,重
陸績,20,7,72,72,C,C,C,火炎計,商業,商業重視,輕
陸遜,94,69,95,87,A,C,S,烈火計,鬼謀,神算鬼謀,中
李嚴,81,80,76,74,B,C,A,強弓,巡察,弓術調練,重
李儒,61,26,93,75,C,B,C,煽動,駁倒,敵中作敵,中
李肅,46,69,61,45,C,B,C,槍攻弱化,駁倒,,重
李勝,12,22,29,69,C,C,C,騎攻強化,商業,,中
李通,73,81,62,63,A,A,C,速攻指揮,巡察,,中
李典,78,77,79,74,A,B,A,攻擊命令,訓練,,中
李豐,69,74,50,22,C,C,A,速攻命令,攻城,,輕
劉焉,53,38,80,81,C,C,B,偽報動搖,駁倒,,重
劉?,71,73,67,44,C,C,A,消沈工作,訓練,,中
劉琦,52,12,63,71,C,C,B,攻擊弱化,商業,,輕
劉虞,55,33,70,78,C,B,C,槍防弱化,文化,,輕
劉勳,47,63,35,16,C,C,B,火計,農業,,中
劉賢,54,66,51,40,B,B,C,火計,農業,,中
留贊,78,81,64,57,A,B,C,速防指揮,單挑,,重
劉循,63,46,41,50,C,C,B,槍速弱化,堅守,,中
劉璋,31,5,34,38,C,C,C,槍兵守備陣,文化,,重
劉劭,68,53,74,79,A,B,A,恢復士氣,農業,,輕
劉丞,45,65,33,33,B,C,C,火計,堅守,,輕
劉諶,60,62,70,73,B,C,B,速攻命令,農業,,輕
劉禪,34,19,30,35,C,C,C,天衣無縫,人德,,重
劉琮,24,22,65,65,C,C,B,騎防弱化,文化,,輕
劉岱,53,65,32,54,B,B,C,騎兵動搖,訓練,,中
劉度,25,23,26,49,C,C,B,弓攻弱化,商業,,中
劉巴,29,22,75,81,C,C,C,鼓舞,商業,,輕
劉磐,69,76,47,43,A,C,C,火炎計,訓練,,中
劉備,80,77,78,80,A,B,A,大義指揮,人德,遠征輔佐,重
劉表,48,31,72,81,C,C,B,守備命令,文化,商業重視,重
劉馥,64,49,74,87,B,C,A,後方支援,農業,農業重視,中
留平,70,71,68,57,B,C,C,弓防弱化,巡察,,輕
劉辟,70,72,47,34,A,B,C,火炎計,農業,,中
劉封,75,79,44,50,A,A,C,火炎計,訓練,,中
劉曄,56,32,92,73,C,C,C,動搖,兵器,公正無私,輕
劉繇,62,67,46,70,B,B,C,槍攻弱化,農業,,輕
留略,71,66,59,46,C,C,A,火炎計,巡察,,中
呂威璜,58,63,29,39,B,B,C,火計,連戰,,輕
廖化,73,76,69,49,A,B,C,攻擊指揮,訓練,,中
梁興,61,65,19,22,C,A,C,火計,攻城,,中
梁綱,60,69,41,22,B,C,B,火計,訓練,,中
梁習,73,40,74,87,C,A,C,騎兵突擊,農業,農業重視,輕
梁緒,56,62,66,68,B,B,B,火計,連戰,,中
凌操,75,81,42,35,B,A,C,方圓陣,水練,,中
凌統,77,89,60,40,B,A,C,連擊,水練,豪膽猛進,中
廖立,32,15,76,78,C,C,C,速攻命令,商業,,重
呂凱,53,30,67,77,C,C,C,防禦強化,駁倒,,輕
呂據,78,69,71,62,C,C,A,騎速弱化,商業,,中
呂虔,57,70,62,72,B,C,A,弓兵速攻陣,商業,,中
呂曠,56,70,13,22,C,B,C,守備命令,訓練,,中
呂翔,54,71,12,19,C,B,C,火炎計,連戰,,中
呂岱,75,71,70,75,A,C,A,火炎計,農業,,輕
呂範,73,63,75,75,B,C,A,火炎計,商業,,重
呂布,91,100,26,13,A,S,S,天下無雙,單挑,騎馬調練,重
呂蒙,93,81,89,78,S,B,B,攻守指揮,訓練,槍術調練,中
倫直,46,42,73,64,C,B,C,弓防強化,交涉,,中
冷苞,71,82,61,37,C,C,A,弓兵攻擊陣,巡察,,中
婁圭,52,13,87,67,C,C,C,守備弱化,商業,敵中作敵,中
樓玄,23,22,67,77,C,C,C,火計,商業,,中
魯淑,73,53,74,76,C,C,A,火炎計,商業,,輕
魯肅,85,56,92,90,A,C,A,軍略支援,人德,和氣生財,重
盧植,78,63,82,85,B,B,B,攻擊命令,文化,公正無私,輕
祝融,74,85,29,24,A,B,C,連擊,單挑,豪膽猛進,重
王異,73,51,82,68,C,B,B,攪亂,駁倒,和氣生財,重
王元姬,53,37,73,75,C,A,B,速防指揮,交涉,,輕
郭氏,42,4,69,64,C,C,C,槍速弱化,商業,,輕
夏侯氏,34,13,42,68,C,B,B,周圍攻搫,農業,,中
夏侯令女,46,53,74,71,C,C,B,慰撫,商業,,中
何氏,51,34,67,73,B,B,B,弓兵煽動,商業,商業重視,中
花鬘,69,82,32,26,A,B,C,逆境強化,神速,,重
關銀屏,73,78,42,24,A,A,B,連擊,神速,槍術調練,中
甘氏,47,3,48,60,C,C,B,轉進強化,農業,,輕
黃月英,58,31,88,87,C,C,A,弓兵速攻陣,兵器,合理徹底,中
吳國太,30,21,70,74,C,C,C,消沈工作,水練,,重
蔡琰,61,11,77,80,C,B,C,騎兵守備陣,文化,合理徹底,中
蔡氏,38,7,70,58,C,C,C,鼓舞,文化,,中
小喬,40,12,74,77,C,C,B,攪亂挑釁,交涉,農業重視,重
徐氏,48,16,80,70,C,C,B,攻擊弱化,交涉,,中
辛憲英,42,28,84,76,C,C,B,後方支援,口才,,輕
甄氏,35,4,72,66,C,C,C,挑釁,文化,遠征輔佐,重
鄒氏,24,6,77,62,C,B,C,慰撫,文化,商業重視,重
曹節,36,2,75,77,C,C,B,弓兵守備陣,文化,,輕
孫氏,23,22,63,72,C,C,B,騎速弱化,水練,,中
孫尚香,76,86,70,63,B,B,A,連射,水練,弓術調練,重
孫魯育,29,8,58,54,B,C,B,槍兵守備陣,文化,,輕
孫魯班,56,58,73,64,C,C,C,槍兵速攻陣,文化,,中
大喬,57,11,73,78,C,C,B,齊射指揮,交涉,商業重視,輕
張氏,20,61,37,50,B,C,C,周圍攻搫,單挑,,重
張春華,60,49,79,72,C,B,C,動搖,駁倒,敵中作敵,中
貂蟬,20,26,81,65,C,B,B,妖艷,駁倒,公正無私,重
馬雲祿,78,88,53,46,A,A,B,疾驅指揮,訓練,慎重堅守,中
樊氏,23,22,73,69,C,B,B,弓防弱化,交涉,,中
糜氏,22,6,67,70,C,C,C,弓速弱化,文化,,中
卞氏,36,24,75,76,C,B,C,槍速弱化,文化,,輕
鮑三娘,72,83,56,36,B,A,B,速攻命令,巡察,弓術調練,中
步練師,47,10,64,72,C,B,B,速攻命令,水練,農業重視,輕
劉氏,23,8,67,59,C,C,C,弓兵煽動,農業,,中
呂玲綺,79,88,37,18,B,A,A,不屈,訓練,豪膽猛進,中
奚泥,62,78,35,22,A,B,B,火計,神速,,重
土安,53,82,30,16,A,B,C,火計,神速,,中
劉胄,67,78,42,35,B,A,B,槍兵煽動,堅守,,中
軻比能,77,69,52,59,B,B,A,攻擊命令,神速,,中
丘力居,80,68,56,55,B,B,A,守備命令,神速,,中
蹋頓,82,84,61,36,C,A,A,鼓舞,訓練,,重
步度根,64,73,50,49,C,C,B,槍攻弱化,神速,,中
樓班,65,76,39,31,C,B,A,弓速強化,神速,,中
於夫羅,72,68,21,38,B,C,B,攻擊指揮,訓練,,重
呼廚泉,70,71,40,35,B,B,A,守備指揮,神速,,重
劉豹,73,74,48,52,B,A,A,槍防弱化,訓練,,中
黃亂,63,75,44,25,A,B,B,槍攻強化,訓練,,中
潘臨,66,79,38,36,A,B,C,槍防強化,訓練,,中
費棧,60,71,51,44,B,B,B,火計,訓練,,重
越吉,78,88,26,35,A,A,C,騎攻強化,神速,,中
俄何燒戈,61,76,13,21,B,A,B,槍速強化,神速,,重
雅丹,72,65,78,53,B,A,A,騎防強化,神速,,重
強端,65,83,48,30,C,B,B,槍速強化,神速,,中
徹里吉,83,67,52,63,B,A,B,騎速強化,訓練,,中
迷當大王,59,69,21,32,C,B,C,弓攻強化,連戰,,中
英布,82,91,53,33,A,A,B,鬥將勇躍,豪傑,豪膽猛進,重
范增,67,24,93,80,C,C,C,虛報,鬼謀,敵中作敵,輕
樂毅,98,75,92,89,A,A,S,勇略指揮,威風,公正無私,重
張良,71,40,100,95,C,C,S,王佐,商業,神算鬼謀,中
韓信,100,73,93,73,S,A,S,國士無雙,訓練,槍術調練,重
蕭何,31,27,86,99,C,C,C,軍略支援,商業,遠征輔佐,輕
劉邦,87,70,59,83,C,C,C,大義指揮,人德,慎重堅守,重
項籍,98,100,69,20,S,S,A,古今無雙,豪傑,豪膽猛進,重
虞姬,31,18,82,79,C,C,C,妖艷,交涉,公正無私,輕
贏政,97,61,89,95,C,C,B,始皇帝,威風,合理徹底,中
白起,100,88,70,14,S,S,S,軍神,威風,豪膽猛進,重
孔丘,68,70,92,87,B,C,C,後方支援,文化,和氣生財,輕
霍去病,91,93,42,16,A,S,A,猛將突擊,神速,騎馬調練,中
吳起,94,66,95,96,A,B,A,機略縱橫,鬼謀,神算鬼謀,中
孫臏,83,1,98,79,B,B,S,鬼謀計,鬼謀,神算鬼謀,中
呂不韋,72,42,88,89,B,C,C,偽報攪亂,商業,,輕
李信,70,88,43,56,A,B,C,驍將疾驅,單挑,,輕
張儀,75,22,93,94,C,C,B,偽報,駁倒,敵中作敵,重
熊疑,77,55,83,84,B,C,C,煽動,交涉,,中
黃歇,81,68,84,91,B,C,B,攻守指揮,駁倒,兵站管理,重
項燕,88,80,77,70,C,B,A,烈將突擊,訓練,豪膽猛進,輕
屈原,68,28,84,89,C,B,B,挑釁,文化,遠征輔佐,輕
公輸般,73,20,87,85,B,C,B,騎兵動搖,兵器,和氣生財,輕
田因齊,75,64,81,88,B,B,B,動搖,巡察,,中
田文,79,67,88,93,A,B,C,方圓陣,人德,,重
田單,96,74,95,64,B,B,A,火牛計,堅守,公正無私,中
田忌,80,85,41,62,S,A,C,突擊指揮,訓練,槍術調練,重
鄒忌,65,48,87,89,B,C,B,攪亂挑釁,商業,和氣生財,輕
趙雍,84,73,81,81,C,A,A,猛射指揮,訓練,弓術調練,重
廉頗,95,90,77,39,A,A,B,鬥志豪壯,巡察,豪膽猛進,中
藺相如,66,39,94,95,C,C,C,鬼謀計,交涉,和氣生財,輕
趙勝,74,63,80,77,B,B,B,猛將突擊,駁倒,,輕
李牧,96,72,86,73,B,A,A,堅守指揮,堅守,慎重堅守,中
蘇秦,90,47,97,90,B,C,C,連環計,交涉,敵中作敵,重
姬平,78,62,79,80,C,A,B,突進指揮,巡察,,輕
劇辛,76,83,32,37,B,B,A,攻擊指揮,單挑,,重
郭隗,69,54,82,87,C,B,C,挑釁,口才,兵站管理,中
魏罃,73,53,68,72,B,B,C,偽報煽動,堅守,,輕
魏無忌,89,69,85,86,B,B,B,決死指揮,訓練,,中
龐涓,79,72,82,78,B,A,B,突進指揮,口才,,重
韓武,74,61,80,83,C,C,C,大火計,訓練,,輕
韓非,33,17,90,98,C,C,C,守備命令,巡察,商業重視,輕
岳飛,99,91,86,31,S,A,A,獅子奮迅,威風,槍術調練,中
呂尚,97,50,100,96,B,B,S,六韜秘計,駁倒,神算鬼謀,重
管夷吾,84,65,98,100,B,B,S,王佐,鬼謀,合理徹底,重
鮑叔牙,53,46,82,87,C,B,C,偽報,文化,商業重視,重
蒙恬,87,86,71,61,A,A,A,猛將突擊,訓練,,中
王翦,94,71,82,68,A,A,S,攻守指揮,訓練,弓術調練,中
李斯,15,24,88,98,C,C,C,軍略支援,駁倒,合理徹底,輕
